{
    "robot_root_name": "pelvis",
    "human_root_name": "Hips",
    "ground_height": 0.06,
    "human_height_assumption": 1.75,
    "use_ik_match_table1": true,
    "use_ik_match_table2": true,
    "human_scale_table": {
        "Hips": 0.9,
        "Spine2": 0.9,

        "LeftUpLeg": 0.9,
        "RightUpLeg": 0.9,
        "LeftLeg": 0.9,
        "RightLeg": 0.9,
        "LeftFoot": 0.9,
        "RightFoot": 0.9,

        "LeftArm": 1,
        "RightArm": 1,
        "LeftForeArm": 0.9,
        "RightForeArm": 0.9,
        "LeftHand": 0.9,
        "RightHand": 0.9
    },

    "ik_match_table1": {
        "pelvis": [
            "Hips",
            0,
            200,
            [
                0.0,
                0.0,
                0.0
            ],
            [
                -0.5,
                0.5,
                0.5,
                0.5
            ]
        ],
        "left_hip_yaw_link": [
            "LeftUpLeg",
            0,
            25,
            [
                0.0,
                0.0,
                0.0
            ],
            [
                -0.4267755048530407,
                0.5637931078484661,
                0.5637931078484661,
                0.4267755048530407
            ]
        ],
        "left_knee_link": [
            "LeftLeg",
            0,
            20,
            [
                0.0,
                0.0,
                0.0
            ],
            [
                -0.5,
                0.5,
                0.5,
                0.5
            ]
        ],
        "left_ankle_roll_link": [
            "LeftFoot",
            100,
            50,
            [
                0.0,
                0.05,
                0.0
            ],
            [
                -0.5,
                0.5,
                0.5,
                0.5
            ]
        ],
        "right_hip_yaw_link": [
            "RightUpLeg",
            0,
            25,
            [
                0.0,
                0.0,
                0.0
            ],
            [
                -0.4267755048530407,
                0.5637931078484661,
                0.5637931078484661,
                0.4267755048530407
            ]
        ],
        "right_knee_link": [
            "RightLeg",
            0,
            20,
            [
                0.0,
                0.0,
                0.0
            ],
            [
                -0.5,
                0.5,
                0.5,
                0.5
            ]
        ],
        "right_ankle_roll_link": [
            "RightFoot",
            100,
            50,
            [
                0.0,
                -0.05,
                0.0
            ],
            [
                -0.5,
                0.5,
                0.5,
                0.5
            ]
        ],
        "torso_link": [
            "Spine2",
            1,
            100,
            [
                0.0,
                0.0,
                0.0
            ],
            [-0.5213338 ,  0.47771442,  0.47771442,  0.5213338             ]
        ],
        "left_shoulder_yaw_link": [
            "LeftArm",
            0,
            1,
            [
                0.0,
                0.0,
                0.0
            ],
            [
                0.70710678,
                0.0,
                -0.70710678,
                0.0
            ]
        ],
        "left_elbow_link": [
            "LeftForeArm",
            0,
            1,
            [
                0.0,
                0.0,
                0.0
            ],
            [
                1.0,
                0.0,
                0.0,
                0.0
            ]
        ],
        "left_wrist_yaw_link": [
            "LeftHand",
            0,
            5,
            [
                0.0,
                0.0,
                0.0
            ],
            [
                1.0,
                0.0,
                0.0,
                0.0
            ]
        ],
        "right_shoulder_yaw_link": [
            "RightArm",
            0,
            1,
            [
                0.0,
                0.0,
                0.0
            ],
            [
                0.0,
                0.70710678,
                0.0,
                0.70710678
            ]
        ],
        "right_elbow_link": [
            "RightForeArm",
            0,
            1,
            [
                0.0,
                0.0,
                0.0
            ],
            [
                0.0,
                0.0,
                0.0,
                -1.0
            ]
        ],
        "right_wrist_yaw_link": [
            "RightHand",
            0,
            5,
            [
                0.0,
                0.0,
                0.0
            ],
            [
                0.0,
                0.0,
                0.0,
                -1.0
            ]
        ]
    },
    "ik_match_table2": {
        "pelvis": [
            "Hips",
            100,
            50,
            [
                0.0,
                0.0,
                0.0
            ],
            [
                -0.5,
                0.5,
                0.5,
                0.5
            ]
        ],
        "left_hip_yaw_link": [
            "LeftUpLeg",
            10,
            20,
            [
                0.0,
                0.0,
                0.0
            ],
            [
                -0.4267755048530407,
                0.5637931078484661,
                0.5637931078484661,
                0.4267755048530407
            ]
        ],
        "left_knee_link": [
            "LeftLeg",
            10,
            20,
            [
                0.0,
                0.0,
                0.0
            ],
            [
                -0.5,
                0.5,
                0.5,
                0.5
            ]
        ],
        "left_ankle_roll_link": [
            "LeftFoot",
            50,
            10,
            [
                0.0,
                0.05,
                0.0
            ],
            [
                -0.5,
                0.5,
                0.5,
                0.5
            ]
        ],
        "right_hip_yaw_link": [
            "RightUpLeg",
            10,
            20,
            [
                0.0,
                0.0,
                0.0
            ],
            [
                -0.4267755048530407,
                0.5637931078484661,
                0.5637931078484661,
                0.4267755048530407
            ]
        ],
        "right_knee_link": [
            "RightLeg",
            10,
            20,
            [
                0.0,
                0.0,
                0.0
            ],
            [
                -0.5,
                0.5,
                0.5,
                0.5
            ]
        ],
        "right_ankle_roll_link": [
            "RightFoot",
            50,
            10,
            [
                0.0,
                -0.05,
                0.0
            ],
            [
                -0.5,
                0.5,
                0.5,
                0.5
            ]
        ],
        "torso_link": [
            "Spine2",
            0,
            100,
            [
                0.0,
                0.0,
                0.0
            ],
            [-0.5213338 ,  0.47771442,  0.47771442,  0.5213338 ]
        ],
        "left_shoulder_yaw_link": [
            "LeftArm",
            10,
            1,
            [
                0.0,
                0.0,
                0.0
            ],
            [
                0.70710678,
                0.0,
                -0.70710678,
                0.0
            ]
        ],